[{"model": "admin.logentry", "pk": 1, "fields": {"action_time": "2025-04-01T05:18:44.792Z", "user": 1, "content_type": 10, "object_id": "1", "object_repr": "eveningBag", "action_flag": 1, "change_message": "[{\"added\": {}}]"}}, {"model": "admin.logentry", "pk": 2, "fields": {"action_time": "2025-04-01T05:19:35.931Z", "user": 1, "content_type": 10, "object_id": "2", "object_repr": "handbag", "action_flag": 1, "change_message": "[{\"added\": {}}]"}}, {"model": "admin.logentry", "pk": 3, "fields": {"action_time": "2025-04-01T05:20:17.347Z", "user": 1, "content_type": 10, "object_id": "3", "object_repr": "Travel Cosmetic Bag", "action_flag": 1, "change_message": "[{\"added\": {}}]"}}, {"model": "admin.logentry", "pk": 4, "fields": {"action_time": "2025-04-01T05:20:49.142Z", "user": 1, "content_type": 10, "object_id": "4", "object_repr": "ShoulderBags", "action_flag": 1, "change_message": "[{\"added\": {}}]"}}, {"model": "admin.logentry", "pk": 5, "fields": {"action_time": "2025-04-01T05:21:42.629Z", "user": 1, "content_type": 10, "object_id": "5", "object_repr": "new bags", "action_flag": 1, "change_message": "[{\"added\": {}}]"}}, {"model": "admin.logentry", "pk": 6, "fields": {"action_time": "2025-04-01T05:22:14.172Z", "user": 1, "content_type": 10, "object_id": "6", "object_repr": "2in1shoulderbag", "action_flag": 1, "change_message": "[{\"added\": {}}]"}}, {"model": "admin.logentry", "pk": 7, "fields": {"action_time": "2025-04-01T05:22:44.583Z", "user": 1, "content_type": 10, "object_id": "7", "object_repr": "2in1handbag", "action_flag": 1, "change_message": "[{\"added\": {}}]"}}, {"model": "admin.logentry", "pk": 8, "fields": {"action_time": "2025-04-01T05:23:40.628Z", "user": 1, "content_type": 10, "object_id": "8", "object_repr": "3in1handbag", "action_flag": 1, "change_message": "[{\"added\": {}}]"}}, {"model": "admin.logentry", "pk": 9, "fields": {"action_time": "2025-04-01T05:29:37.721Z", "user": 1, "content_type": 11, "object_id": "1", "object_repr": "new-arrival", "action_flag": 1, "change_message": "[{\"added\": {}}, {\"added\": {\"name\": \"product gallary\", \"object\": \"new-arrival\"}}, {\"added\": {\"name\": \"product gallary\", \"object\": \"new-arrival\"}}, {\"added\": {\"name\": \"product gallary\", \"object\": \"new-arrival\"}}]"}}, {"model": "admin.logentry", "pk": 10, "fields": {"action_time": "2025-04-01T05:30:54.371Z", "user": 1, "content_type": 14, "object_id": "1", "object_repr": "Black", "action_flag": 1, "change_message": "[{\"added\": {}}]"}}, {"model": "admin.logentry", "pk": 11, "fields": {"action_time": "2025-04-01T05:31:22.266Z", "user": 1, "content_type": 14, "object_id": "2", "object_repr": "white", "action_flag": 1, "change_message": "[{\"added\": {}}]"}}, {"model": "admin.logentry", "pk": 12, "fields": {"action_time": "2025-04-01T05:31:41.080Z", "user": 1, "content_type": 14, "object_id": "3", "object_repr": "yellow", "action_flag": 1, "change_message": "[{\"added\": {}}]"}}, {"model": "admin.logentry", "pk": 13, "fields": {"action_time": "2025-04-01T05:32:01.195Z", "user": 1, "content_type": 14, "object_id": "4", "object_repr": "green", "action_flag": 1, "change_message": "[{\"added\": {}}]"}}, {"model": "admin.logentry", "pk": 14, "fields": {"action_time": "2025-04-01T05:32:59.962Z", "user": 1, "content_type": 14, "object_id": "5", "object_repr": "brown", "action_flag": 1, "change_message": "[{\"added\": {}}]"}}, {"model": "admin.logentry", "pk": 15, "fields": {"action_time": "2025-04-01T05:33:16.090Z", "user": 1, "content_type": 14, "object_id": "6", "object_repr": "Grey", "action_flag": 1, "change_message": "[{\"added\": {}}]"}}, {"model": "admin.logentry", "pk": 16, "fields": {"action_time": "2025-04-01T05:33:29.014Z", "user": 1, "content_type": 14, "object_id": "7", "object_repr": "blue", "action_flag": 1, "change_message": "[{\"added\": {}}]"}}, {"model": "admin.logentry", "pk": 17, "fields": {"action_time": "2025-04-01T05:33:34.408Z", "user": 1, "content_type": 14, "object_id": "7", "object_repr": "blue", "action_flag": 2, "change_message": "[]"}}, {"model": "admin.logentry", "pk": 18, "fields": {"action_time": "2025-04-01T07:51:14.800Z", "user": 1, "content_type": 11, "object_id": "2", "object_repr": "shoulderbag-the best", "action_flag": 1, "change_message": "[{\"added\": {}}, {\"added\": {\"name\": \"product gallary\", \"object\": \"shoulderbag-the best\"}}, {\"added\": {\"name\": \"product gallary\", \"object\": \"shoulderbag-the best\"}}, {\"added\": {\"name\": \"product gallary\", \"object\": \"shoulderbag-the best\"}}]"}}, {"model": "admin.logentry", "pk": 19, "fields": {"action_time": "2025-04-01T07:51:56.761Z", "user": 1, "content_type": 14, "object_id": "8", "object_repr": "Black", "action_flag": 1, "change_message": "[{\"added\": {}}]"}}, {"model": "admin.logentry", "pk": 20, "fields": {"action_time": "2025-04-01T07:52:09.082Z", "user": 1, "content_type": 14, "object_id": "9", "object_repr": "white", "action_flag": 1, "change_message": "[{\"added\": {}}]"}}, {"model": "admin.logentry", "pk": 21, "fields": {"action_time": "2025-04-01T07:52:09.117Z", "user": 1, "content_type": 14, "object_id": "10", "object_repr": "white", "action_flag": 1, "change_message": "[{\"added\": {}}]"}}, {"model": "admin.logentry", "pk": 22, "fields": {"action_time": "2025-04-01T07:52:32.257Z", "user": 1, "content_type": 14, "object_id": "11", "object_repr": "Grey", "action_flag": 1, "change_message": "[{\"added\": {}}]"}}, {"model": "admin.logentry", "pk": 23, "fields": {"action_time": "2025-04-01T07:53:58.939Z", "user": 1, "content_type": 14, "object_id": "12", "object_repr": "Grey", "action_flag": 1, "change_message": "[{\"added\": {}}]"}}, {"model": "admin.logentry", "pk": 24, "fields": {"action_time": "2025-04-01T07:54:02.057Z", "user": 1, "content_type": 14, "object_id": "12", "object_repr": "Grey", "action_flag": 2, "change_message": "[]"}}, {"model": "admin.logentry", "pk": 25, "fields": {"action_time": "2025-04-01T07:54:26.588Z", "user": 1, "content_type": 14, "object_id": "13", "object_repr": "yellow", "action_flag": 1, "change_message": "[{\"added\": {}}]"}}, {"model": "admin.logentry", "pk": 26, "fields": {"action_time": "2025-04-01T07:54:45.208Z", "user": 1, "content_type": 14, "object_id": "14", "object_repr": "coffee", "action_flag": 1, "change_message": "[{\"added\": {}}]"}}, {"model": "admin.logentry", "pk": 27, "fields": {"action_time": "2025-04-01T07:54:59.265Z", "user": 1, "content_type": 14, "object_id": "15", "object_repr": "red", "action_flag": 1, "change_message": "[{\"added\": {}}]"}}, {"model": "admin.logentry", "pk": 28, "fields": {"action_time": "2025-04-01T07:55:58.175Z", "user": 1, "content_type": 14, "object_id": "10", "object_repr": "pink", "action_flag": 2, "change_message": "[{\"changed\": {\"fields\": [\"Variation value\"]}}]"}}, {"model": "admin.logentry", "pk": 29, "fields": {"action_time": "2025-04-01T08:00:21.316Z", "user": 1, "content_type": 11, "object_id": "3", "object_repr": "shoulderonebag", "action_flag": 1, "change_message": "[{\"added\": {}}, {\"added\": {\"name\": \"product gallary\", \"object\": \"shoulderonebag\"}}, {\"added\": {\"name\": \"product gallary\", \"object\": \"shoulderonebag\"}}, {\"added\": {\"name\": \"product gallary\", \"object\": \"shoulderonebag\"}}]"}}, {"model": "admin.logentry", "pk": 30, "fields": {"action_time": "2025-04-01T08:05:36.574Z", "user": 1, "content_type": 11, "object_id": "4", "object_repr": "hotselling evining baf", "action_flag": 1, "change_message": "[{\"added\": {}}, {\"added\": {\"name\": \"product gallary\", \"object\": \"hotselling evining baf\"}}, {\"added\": {\"name\": \"product gallary\", \"object\": \"hotselling evining baf\"}}, {\"added\": {\"name\": \"product gallary\", \"object\": \"hotselling evining baf\"}}, {\"added\": {\"name\": \"product gallary\", \"object\": \"hotselling evining baf\"}}]"}}, {"model": "admin.logentry", "pk": 31, "fields": {"action_time": "2025-04-01T08:06:15.466Z", "user": 1, "content_type": 14, "object_id": "16", "object_repr": "Black", "action_flag": 1, "change_message": "[{\"added\": {}}]"}}, {"model": "admin.logentry", "pk": 32, "fields": {"action_time": "2025-04-01T08:06:34.836Z", "user": 1, "content_type": 14, "object_id": "17", "object_repr": "white", "action_flag": 1, "change_message": "[{\"added\": {}}]"}}, {"model": "admin.logentry", "pk": 33, "fields": {"action_time": "2025-04-01T08:06:51.927Z", "user": 1, "content_type": 14, "object_id": "18", "object_repr": "red", "action_flag": 1, "change_message": "[{\"added\": {}}]"}}, {"model": "admin.logentry", "pk": 34, "fields": {"action_time": "2025-04-01T08:07:10.797Z", "user": 1, "content_type": 14, "object_id": "19", "object_repr": "yellow", "action_flag": 1, "change_message": "[{\"added\": {}}]"}}, {"model": "admin.logentry", "pk": 35, "fields": {"action_time": "2025-04-01T08:07:30.360Z", "user": 1, "content_type": 14, "object_id": "20", "object_repr": "blue", "action_flag": 1, "change_message": "[{\"added\": {}}]"}}, {"model": "admin.logentry", "pk": 36, "fields": {"action_time": "2025-04-01T08:09:02.273Z", "user": 1, "content_type": 14, "object_id": "21", "object_repr": "blue", "action_flag": 1, "change_message": "[{\"added\": {}}]"}}, {"model": "admin.logentry", "pk": 37, "fields": {"action_time": "2025-04-01T08:09:13.649Z", "user": 1, "content_type": 14, "object_id": "22", "object_repr": "Black", "action_flag": 1, "change_message": "[{\"added\": {}}]"}}, {"model": "admin.logentry", "pk": 38, "fields": {"action_time": "2025-04-01T08:09:30.178Z", "user": 1, "content_type": 14, "object_id": "23", "object_repr": "white", "action_flag": 1, "change_message": "[{\"added\": {}}]"}}, {"model": "admin.logentry", "pk": 39, "fields": {"action_time": "2025-04-01T08:10:21.191Z", "user": 1, "content_type": 14, "object_id": "24", "object_repr": "green", "action_flag": 1, "change_message": "[{\"added\": {}}]"}}, {"model": "admin.logentry", "pk": 40, "fields": {"action_time": "2025-04-01T08:10:47.344Z", "user": 1, "content_type": 14, "object_id": "25", "object_repr": "red", "action_flag": 1, "change_message": "[{\"added\": {}}]"}}, {"model": "admin.logentry", "pk": 41, "fields": {"action_time": "2025-04-01T08:16:17.810Z", "user": 1, "content_type": 11, "object_id": "5", "object_repr": "the best evening bag", "action_flag": 1, "change_message": "[{\"added\": {}}, {\"added\": {\"name\": \"product gallary\", \"object\": \"the best evening bag\"}}, {\"added\": {\"name\": \"product gallary\", \"object\": \"the best evening bag\"}}, {\"added\": {\"name\": \"product gallary\", \"object\": \"the best evening bag\"}}, {\"added\": {\"name\": \"product gallary\", \"object\": \"the best evening bag\"}}]"}}, {"model": "admin.logentry", "pk": 42, "fields": {"action_time": "2025-04-01T08:20:02.194Z", "user": 1, "content_type": 14, "object_id": "26", "object_repr": "Black", "action_flag": 1, "change_message": "[{\"added\": {}}]"}}, {"model": "admin.logentry", "pk": 43, "fields": {"action_time": "2025-04-01T08:20:17.501Z", "user": 1, "content_type": 14, "object_id": "27", "object_repr": "white", "action_flag": 1, "change_message": "[{\"added\": {}}]"}}, {"model": "admin.logentry", "pk": 44, "fields": {"action_time": "2025-04-01T08:20:32.025Z", "user": 1, "content_type": 14, "object_id": "28", "object_repr": "Grey", "action_flag": 1, "change_message": "[{\"added\": {}}]"}}, {"model": "admin.logentry", "pk": 45, "fields": {"action_time": "2025-04-01T08:20:42.832Z", "user": 1, "content_type": 14, "object_id": "29", "object_repr": "red", "action_flag": 1, "change_message": "[{\"added\": {}}]"}}, {"model": "admin.logentry", "pk": 46, "fields": {"action_time": "2025-04-01T08:20:59.216Z", "user": 1, "content_type": 14, "object_id": "30", "object_repr": "sliver", "action_flag": 1, "change_message": "[{\"added\": {}}]"}}, {"model": "admin.logentry", "pk": 47, "fields": {"action_time": "2025-04-01T08:21:22.106Z", "user": 1, "content_type": 14, "object_id": "31", "object_repr": "yellow", "action_flag": 1, "change_message": "[{\"added\": {}}]"}}, {"model": "admin.logentry", "pk": 48, "fields": {"action_time": "2025-04-01T08:27:17.418Z", "user": 1, "content_type": 11, "object_id": "6", "object_repr": "2in1hnadbag the new one", "action_flag": 1, "change_message": "[{\"added\": {}}, {\"added\": {\"name\": \"product gallary\", \"object\": \"2in1hnadbag the new one\"}}, {\"added\": {\"name\": \"product gallary\", \"object\": \"2in1hnadbag the new one\"}}, {\"added\": {\"name\": \"product gallary\", \"object\": \"2in1hnadbag the new one\"}}, {\"added\": {\"name\": \"product gallary\", \"object\": \"2in1hnadbag the new one\"}}, {\"added\": {\"name\": \"product gallary\", \"object\": \"2in1hnadbag the new one\"}}]"}}, {"model": "admin.logentry", "pk": 49, "fields": {"action_time": "2025-04-01T08:31:59.450Z", "user": 1, "content_type": 11, "object_id": "7", "object_repr": "shoulderbag the new one", "action_flag": 1, "change_message": "[{\"added\": {}}, {\"added\": {\"name\": \"product gallary\", \"object\": \"shoulderbag the new one\"}}, {\"added\": {\"name\": \"product gallary\", \"object\": \"shoulderbag the new one\"}}, {\"added\": {\"name\": \"product gallary\", \"object\": \"shoulderbag the new one\"}}]"}}, {"model": "admin.logentry", "pk": 50, "fields": {"action_time": "2025-04-01T08:33:41.318Z", "user": 1, "content_type": 14, "object_id": "32", "object_repr": "Black", "action_flag": 1, "change_message": "[{\"added\": {}}]"}}, {"model": "admin.logentry", "pk": 51, "fields": {"action_time": "2025-04-01T08:33:54.143Z", "user": 1, "content_type": 14, "object_id": "33", "object_repr": "white", "action_flag": 1, "change_message": "[{\"added\": {}}]"}}, {"model": "admin.logentry", "pk": 52, "fields": {"action_time": "2025-04-01T08:34:06.046Z", "user": 1, "content_type": 14, "object_id": "34", "object_repr": "Grey", "action_flag": 1, "change_message": "[{\"added\": {}}]"}}, {"model": "admin.logentry", "pk": 53, "fields": {"action_time": "2025-04-01T08:34:26.854Z", "user": 1, "content_type": 14, "object_id": "35", "object_repr": "blue", "action_flag": 1, "change_message": "[{\"added\": {}}]"}}, {"model": "admin.logentry", "pk": 54, "fields": {"action_time": "2025-04-01T08:34:45.560Z", "user": 1, "content_type": 14, "object_id": "36", "object_repr": "red", "action_flag": 1, "change_message": "[{\"added\": {}}]"}}, {"model": "admin.logentry", "pk": 55, "fields": {"action_time": "2025-04-01T08:35:08.932Z", "user": 1, "content_type": 14, "object_id": "37", "object_repr": "brown", "action_flag": 1, "change_message": "[{\"added\": {}}]"}}, {"model": "admin.logentry", "pk": 56, "fields": {"action_time": "2025-04-01T08:36:02.048Z", "user": 1, "content_type": 14, "object_id": "38", "object_repr": "Black", "action_flag": 1, "change_message": "[{\"added\": {}}]"}}, {"model": "admin.logentry", "pk": 57, "fields": {"action_time": "2025-04-01T08:36:21.590Z", "user": 1, "content_type": 14, "object_id": "39", "object_repr": "white", "action_flag": 1, "change_message": "[{\"added\": {}}]"}}, {"model": "admin.logentry", "pk": 58, "fields": {"action_time": "2025-04-01T08:36:46.535Z", "user": 1, "content_type": 14, "object_id": "40", "object_repr": "red", "action_flag": 1, "change_message": "[{\"added\": {}}]"}}, {"model": "admin.logentry", "pk": 59, "fields": {"action_time": "2025-04-01T08:37:49.310Z", "user": 1, "content_type": 14, "object_id": "41", "object_repr": "purple", "action_flag": 1, "change_message": "[{\"added\": {}}]"}}, {"model": "admin.logentry", "pk": 60, "fields": {"action_time": "2025-04-01T08:38:07.598Z", "user": 1, "content_type": 14, "object_id": "42", "object_repr": "yellow", "action_flag": 1, "change_message": "[{\"added\": {}}]"}}, {"model": "admin.logentry", "pk": 61, "fields": {"action_time": "2025-04-01T08:38:23.043Z", "user": 1, "content_type": 14, "object_id": "43", "object_repr": "sliver", "action_flag": 1, "change_message": "[{\"added\": {}}]"}}, {"model": "admin.logentry", "pk": 62, "fields": {"action_time": "2025-04-01T08:38:44.135Z", "user": 1, "content_type": 14, "object_id": "44", "object_repr": "brown", "action_flag": 1, "change_message": "[{\"added\": {}}]"}}, {"model": "admin.logentry", "pk": 63, "fields": {"action_time": "2025-04-01T08:47:28.556Z", "user": 1, "content_type": 11, "object_id": "8", "object_repr": "shoulderbag part of hotselling", "action_flag": 1, "change_message": "[{\"added\": {}}, {\"added\": {\"name\": \"product gallary\", \"object\": \"shoulderbag part of hotselling\"}}, {\"added\": {\"name\": \"product gallary\", \"object\": \"shoulderbag part of hotselling\"}}, {\"added\": {\"name\": \"product gallary\", \"object\": \"shoulderbag part of hotselling\"}}]"}}, {"model": "admin.logentry", "pk": 64, "fields": {"action_time": "2025-04-01T08:51:37.521Z", "user": 1, "content_type": 11, "object_id": "9", "object_repr": "Travel Bag new", "action_flag": 1, "change_message": "[{\"added\": {}}, {\"added\": {\"name\": \"product gallary\", \"object\": \"Travel Bag new\"}}, {\"added\": {\"name\": \"product gallary\", \"object\": \"Travel Bag new\"}}, {\"added\": {\"name\": \"product gallary\", \"object\": \"Travel Bag new\"}}]"}}, {"model": "admin.logentry", "pk": 65, "fields": {"action_time": "2025-04-01T08:53:30.903Z", "user": 1, "content_type": 11, "object_id": "9", "object_repr": "Travel Bag new", "action_flag": 2, "change_message": "[{\"changed\": {\"fields\": [\"Image\"]}}]"}}, {"model": "admin.logentry", "pk": 66, "fields": {"action_time": "2025-04-01T08:54:10.348Z", "user": 1, "content_type": 14, "object_id": "45", "object_repr": "Black", "action_flag": 1, "change_message": "[{\"added\": {}}]"}}, {"model": "admin.logentry", "pk": 67, "fields": {"action_time": "2025-04-01T08:54:30.366Z", "user": 1, "content_type": 14, "object_id": "46", "object_repr": "green", "action_flag": 1, "change_message": "[{\"added\": {}}]"}}, {"model": "admin.logentry", "pk": 68, "fields": {"action_time": "2025-04-01T08:54:55.077Z", "user": 1, "content_type": 14, "object_id": "47", "object_repr": "Gray", "action_flag": 1, "change_message": "[{\"added\": {}}]"}}, {"model": "admin.logentry", "pk": 69, "fields": {"action_time": "2025-04-01T08:59:33.346Z", "user": 1, "content_type": 11, "object_id": "10", "object_repr": "3in1hnadbag the new one", "action_flag": 1, "change_message": "[{\"added\": {}}, {\"added\": {\"name\": \"product gallary\", \"object\": \"3in1hnadbag the new one\"}}, {\"added\": {\"name\": \"product gallary\", \"object\": \"3in1hnadbag the new one\"}}]"}}, {"model": "admin.logentry", "pk": 70, "fields": {"action_time": "2025-04-01T09:03:28.743Z", "user": 1, "content_type": 11, "object_id": "11", "object_repr": "luxury party evening bag", "action_flag": 1, "change_message": "[{\"added\": {}}, {\"added\": {\"name\": \"product gallary\", \"object\": \"luxury party evening bag\"}}, {\"added\": {\"name\": \"product gallary\", \"object\": \"luxury party evening bag\"}}, {\"added\": {\"name\": \"product gallary\", \"object\": \"luxury party evening bag\"}}]"}}, {"model": "admin.logentry", "pk": 71, "fields": {"action_time": "2025-04-01T09:05:43.953Z", "user": 1, "content_type": 14, "object_id": "48", "object_repr": "Black", "action_flag": 1, "change_message": "[{\"added\": {}}]"}}, {"model": "admin.logentry", "pk": 72, "fields": {"action_time": "2025-04-01T09:06:04.363Z", "user": 1, "content_type": 14, "object_id": "49", "object_repr": "white", "action_flag": 1, "change_message": "[{\"added\": {}}]"}}, {"model": "admin.logentry", "pk": 73, "fields": {"action_time": "2025-04-01T09:06:20.737Z", "user": 1, "content_type": 14, "object_id": "50", "object_repr": "sliver", "action_flag": 1, "change_message": "[{\"added\": {}}]"}}, {"model": "admin.logentry", "pk": 74, "fields": {"action_time": "2025-04-01T09:06:35.582Z", "user": 1, "content_type": 14, "object_id": "51", "object_repr": "blue", "action_flag": 1, "change_message": "[{\"added\": {}}]"}}, {"model": "admin.logentry", "pk": 75, "fields": {"action_time": "2025-04-01T09:07:05.845Z", "user": 1, "content_type": 14, "object_id": "52", "object_repr": "red", "action_flag": 1, "change_message": "[{\"added\": {}}]"}}, {"model": "admin.logentry", "pk": 76, "fields": {"action_time": "2025-04-01T09:07:22.410Z", "user": 1, "content_type": 14, "object_id": "53", "object_repr": "Black", "action_flag": 1, "change_message": "[{\"added\": {}}]"}}, {"model": "admin.logentry", "pk": 77, "fields": {"action_time": "2025-04-01T09:07:51.142Z", "user": 1, "content_type": 14, "object_id": "54", "object_repr": "brown", "action_flag": 1, "change_message": "[{\"added\": {}}]"}}, {"model": "admin.logentry", "pk": 78, "fields": {"action_time": "2025-04-01T09:08:48.652Z", "user": 1, "content_type": 14, "object_id": "55", "object_repr": "yellow", "action_flag": 1, "change_message": "[{\"added\": {}}]"}}, {"model": "auth.permission", "pk": 1, "fields": {"name": "Can add log entry", "content_type": 1, "codename": "add_logentry"}}, {"model": "auth.permission", "pk": 2, "fields": {"name": "Can change log entry", "content_type": 1, "codename": "change_logentry"}}, {"model": "auth.permission", "pk": 3, "fields": {"name": "Can delete log entry", "content_type": 1, "codename": "delete_logentry"}}, {"model": "auth.permission", "pk": 4, "fields": {"name": "Can view log entry", "content_type": 1, "codename": "view_logentry"}}, {"model": "auth.permission", "pk": 5, "fields": {"name": "Can add permission", "content_type": 2, "codename": "add_permission"}}, {"model": "auth.permission", "pk": 6, "fields": {"name": "Can change permission", "content_type": 2, "codename": "change_permission"}}, {"model": "auth.permission", "pk": 7, "fields": {"name": "Can delete permission", "content_type": 2, "codename": "delete_permission"}}, {"model": "auth.permission", "pk": 8, "fields": {"name": "Can view permission", "content_type": 2, "codename": "view_permission"}}, {"model": "auth.permission", "pk": 9, "fields": {"name": "Can add group", "content_type": 3, "codename": "add_group"}}, {"model": "auth.permission", "pk": 10, "fields": {"name": "Can change group", "content_type": 3, "codename": "change_group"}}, {"model": "auth.permission", "pk": 11, "fields": {"name": "Can delete group", "content_type": 3, "codename": "delete_group"}}, {"model": "auth.permission", "pk": 12, "fields": {"name": "Can view group", "content_type": 3, "codename": "view_group"}}, {"model": "auth.permission", "pk": 13, "fields": {"name": "Can add content type", "content_type": 4, "codename": "add_contenttype"}}, {"model": "auth.permission", "pk": 14, "fields": {"name": "Can change content type", "content_type": 4, "codename": "change_contenttype"}}, {"model": "auth.permission", "pk": 15, "fields": {"name": "Can delete content type", "content_type": 4, "codename": "delete_contenttype"}}, {"model": "auth.permission", "pk": 16, "fields": {"name": "Can view content type", "content_type": 4, "codename": "view_contenttype"}}, {"model": "auth.permission", "pk": 17, "fields": {"name": "Can add session", "content_type": 5, "codename": "add_session"}}, {"model": "auth.permission", "pk": 18, "fields": {"name": "Can change session", "content_type": 5, "codename": "change_session"}}, {"model": "auth.permission", "pk": 19, "fields": {"name": "Can delete session", "content_type": 5, "codename": "delete_session"}}, {"model": "auth.permission", "pk": 20, "fields": {"name": "Can view session", "content_type": 5, "codename": "view_session"}}, {"model": "auth.permission", "pk": 21, "fields": {"name": "Can add account", "content_type": 6, "codename": "add_account"}}, {"model": "auth.permission", "pk": 22, "fields": {"name": "Can change account", "content_type": 6, "codename": "change_account"}}, {"model": "auth.permission", "pk": 23, "fields": {"name": "Can delete account", "content_type": 6, "codename": "delete_account"}}, {"model": "auth.permission", "pk": 24, "fields": {"name": "Can view account", "content_type": 6, "codename": "view_account"}}, {"model": "auth.permission", "pk": 25, "fields": {"name": "Can add user profile", "content_type": 7, "codename": "add_userprofile"}}, {"model": "auth.permission", "pk": 26, "fields": {"name": "Can change user profile", "content_type": 7, "codename": "change_userprofile"}}, {"model": "auth.permission", "pk": 27, "fields": {"name": "Can delete user profile", "content_type": 7, "codename": "delete_userprofile"}}, {"model": "auth.permission", "pk": 28, "fields": {"name": "Can view user profile", "content_type": 7, "codename": "view_userprofile"}}, {"model": "auth.permission", "pk": 29, "fields": {"name": "Can add cart", "content_type": 8, "codename": "add_cart"}}, {"model": "auth.permission", "pk": 30, "fields": {"name": "Can change cart", "content_type": 8, "codename": "change_cart"}}, {"model": "auth.permission", "pk": 31, "fields": {"name": "Can delete cart", "content_type": 8, "codename": "delete_cart"}}, {"model": "auth.permission", "pk": 32, "fields": {"name": "Can view cart", "content_type": 8, "codename": "view_cart"}}, {"model": "auth.permission", "pk": 33, "fields": {"name": "Can add cart item", "content_type": 9, "codename": "add_cartitem"}}, {"model": "auth.permission", "pk": 34, "fields": {"name": "Can change cart item", "content_type": 9, "codename": "change_cartitem"}}, {"model": "auth.permission", "pk": 35, "fields": {"name": "Can delete cart item", "content_type": 9, "codename": "delete_cartitem"}}, {"model": "auth.permission", "pk": 36, "fields": {"name": "Can view cart item", "content_type": 9, "codename": "view_cartitem"}}, {"model": "auth.permission", "pk": 37, "fields": {"name": "Can add pcategory", "content_type": 10, "codename": "add_pcategory"}}, {"model": "auth.permission", "pk": 38, "fields": {"name": "Can change pcategory", "content_type": 10, "codename": "change_pcategory"}}, {"model": "auth.permission", "pk": 39, "fields": {"name": "Can delete pcategory", "content_type": 10, "codename": "delete_pcategory"}}, {"model": "auth.permission", "pk": 40, "fields": {"name": "Can view pcategory", "content_type": 10, "codename": "view_pcategory"}}, {"model": "auth.permission", "pk": 41, "fields": {"name": "Can add product", "content_type": 11, "codename": "add_product"}}, {"model": "auth.permission", "pk": 42, "fields": {"name": "Can change product", "content_type": 11, "codename": "change_product"}}, {"model": "auth.permission", "pk": 43, "fields": {"name": "Can delete product", "content_type": 11, "codename": "delete_product"}}, {"model": "auth.permission", "pk": 44, "fields": {"name": "Can view product", "content_type": 11, "codename": "view_product"}}, {"model": "auth.permission", "pk": 45, "fields": {"name": "Can add product gallary", "content_type": 12, "codename": "add_productgallary"}}, {"model": "auth.permission", "pk": 46, "fields": {"name": "Can change product gallary", "content_type": 12, "codename": "change_productgallary"}}, {"model": "auth.permission", "pk": 47, "fields": {"name": "Can delete product gallary", "content_type": 12, "codename": "delete_productgallary"}}, {"model": "auth.permission", "pk": 48, "fields": {"name": "Can view product gallary", "content_type": 12, "codename": "view_productgallary"}}, {"model": "auth.permission", "pk": 49, "fields": {"name": "Can add review rating", "content_type": 13, "codename": "add_reviewrating"}}, {"model": "auth.permission", "pk": 50, "fields": {"name": "Can change review rating", "content_type": 13, "codename": "change_reviewrating"}}, {"model": "auth.permission", "pk": 51, "fields": {"name": "Can delete review rating", "content_type": 13, "codename": "delete_reviewrating"}}, {"model": "auth.permission", "pk": 52, "fields": {"name": "Can view review rating", "content_type": 13, "codename": "view_reviewrating"}}, {"model": "auth.permission", "pk": 53, "fields": {"name": "Can add variation", "content_type": 14, "codename": "add_variation"}}, {"model": "auth.permission", "pk": 54, "fields": {"name": "Can change variation", "content_type": 14, "codename": "change_variation"}}, {"model": "auth.permission", "pk": 55, "fields": {"name": "Can delete variation", "content_type": 14, "codename": "delete_variation"}}, {"model": "auth.permission", "pk": 56, "fields": {"name": "Can view variation", "content_type": 14, "codename": "view_variation"}}, {"model": "auth.permission", "pk": 57, "fields": {"name": "Can add order", "content_type": 15, "codename": "add_order"}}, {"model": "auth.permission", "pk": 58, "fields": {"name": "Can change order", "content_type": 15, "codename": "change_order"}}, {"model": "auth.permission", "pk": 59, "fields": {"name": "Can delete order", "content_type": 15, "codename": "delete_order"}}, {"model": "auth.permission", "pk": 60, "fields": {"name": "Can view order", "content_type": 15, "codename": "view_order"}}, {"model": "auth.permission", "pk": 61, "fields": {"name": "Can add order product", "content_type": 16, "codename": "add_orderproduct"}}, {"model": "auth.permission", "pk": 62, "fields": {"name": "Can change order product", "content_type": 16, "codename": "change_orderproduct"}}, {"model": "auth.permission", "pk": 63, "fields": {"name": "Can delete order product", "content_type": 16, "codename": "delete_orderproduct"}}, {"model": "auth.permission", "pk": 64, "fields": {"name": "Can view order product", "content_type": 16, "codename": "view_orderproduct"}}, {"model": "auth.permission", "pk": 65, "fields": {"name": "Can add payment", "content_type": 17, "codename": "add_payment"}}, {"model": "auth.permission", "pk": 66, "fields": {"name": "Can change payment", "content_type": 17, "codename": "change_payment"}}, {"model": "auth.permission", "pk": 67, "fields": {"name": "Can delete payment", "content_type": 17, "codename": "delete_payment"}}, {"model": "auth.permission", "pk": 68, "fields": {"name": "Can view payment", "content_type": 17, "codename": "view_payment"}}, {"model": "contenttypes.contenttype", "pk": 1, "fields": {"app_label": "admin", "model": "logentry"}}, {"model": "contenttypes.contenttype", "pk": 2, "fields": {"app_label": "auth", "model": "permission"}}, {"model": "contenttypes.contenttype", "pk": 3, "fields": {"app_label": "auth", "model": "group"}}, {"model": "contenttypes.contenttype", "pk": 4, "fields": {"app_label": "contenttypes", "model": "contenttype"}}, {"model": "contenttypes.contenttype", "pk": 5, "fields": {"app_label": "sessions", "model": "session"}}, {"model": "contenttypes.contenttype", "pk": 6, "fields": {"app_label": "accounts", "model": "account"}}, {"model": "contenttypes.contenttype", "pk": 7, "fields": {"app_label": "accounts", "model": "userprofile"}}, {"model": "contenttypes.contenttype", "pk": 8, "fields": {"app_label": "cart", "model": "cart"}}, {"model": "contenttypes.contenttype", "pk": 9, "fields": {"app_label": "cart", "model": "cartitem"}}, {"model": "contenttypes.contenttype", "pk": 10, "fields": {"app_label": "store", "model": "pcategory"}}, {"model": "contenttypes.contenttype", "pk": 11, "fields": {"app_label": "store", "model": "product"}}, {"model": "contenttypes.contenttype", "pk": 12, "fields": {"app_label": "store", "model": "productgallary"}}, {"model": "contenttypes.contenttype", "pk": 13, "fields": {"app_label": "store", "model": "reviewrating"}}, {"model": "contenttypes.contenttype", "pk": 14, "fields": {"app_label": "store", "model": "variation"}}, {"model": "contenttypes.contenttype", "pk": 15, "fields": {"app_label": "orders", "model": "order"}}, {"model": "contenttypes.contenttype", "pk": 16, "fields": {"app_label": "orders", "model": "orderproduct"}}, {"model": "contenttypes.contenttype", "pk": 17, "fields": {"app_label": "orders", "model": "payment"}}, {"model": "sessions.session", "pk": "6vvjtc35kzbfda796mklsbp5mz52sk2d", "fields": {"session_data": ".eJxVjMsOwiAQRf-FtSFAGR4u3fsNZGAmUjWQlHZl_Hdt0oVu7znnvkTCba1pG7ykmcRZaHH63TKWB7cd0B3brcvS27rMWe6KPOiQ1078vBzu30HFUb81hMlnZyEG8ExTsRRMISAmrbViVxiDJecVZmNDAKUM5Ckb7SJEZ5V4fwDQqjbm:1u1A1R:B7E_c9WE5A2KJ88Oog3_mKV8_V-7byir-uoLiRhgD_s", "expire_date": "2025-04-19T20:21:45.177Z"}}, {"model": "accounts.account", "pk": 1, "fields": {"password": "pbkdf2_sha256$870000$aWYGyuLO9Hvx1qovhKQdbB$BMFB/6trmH6mQ8mX9Br9rhKYQaT2IigfWkH+UoH9Q+o=", "first_name": "paul", "last_name": "suza", "username": "bm", "email": "djangoadmin@gmail.com", "phone_number": "", "date_joined": "2025-04-01T05:14:35.169Z", "last_login": "2025-04-05T20:21:45.173Z", "is_staff": true, "is_admin": true, "is_active": true, "is_superadmin": true}}, {"model": "accounts.account", "pk": 2, "fields": {"password": "pbkdf2_sha256$870000$a5NZspLp6e3naGeERfQj13$NwiyvzQkl9MDPRPH96IcXbW1dJABdl6VdE0e5ZFZKFc=", "first_name": "mulopwe", "last_name": "banze", "username": "bbanze49", "email": "bbanze49@gmail.com", "phone_number": "0835999310", "date_joined": "2025-04-01T05:34:28.576Z", "last_login": "2025-04-01T13:09:09.461Z", "is_staff": false, "is_admin": false, "is_active": true, "is_superadmin": false}}, {"model": "accounts.userprofile", "pk": 1, "fields": {"user": 2, "address_line_1": "103 polly", "address_line_2": "225jeppe", "profile_picture": "userprofile/billy4.jpg", "city": "jorburg SA", "state": "Gauteng", "country": "South Africa"}}, {"model": "cart.cart", "pk": 1, "fields": {"cart_id": "4lnx39o1i5b4jp09jxwgrmixwl8cvtr6", "date_added": "2025-04-01"}}, {"model": "store.pcategory", "pk": 1, "fields": {"category_name": "eveningBag", "slug": "eveningbag", "description": "the best one", "image": "categories/eiq9e2q9.png"}}, {"model": "store.pcategory", "pk": 2, "fields": {"category_name": "handbag", "slug": "handbag", "description": "the onlyone", "image": "categories/4jfx9v6v.png"}}, {"model": "store.pcategory", "pk": 3, "fields": {"category_name": "Travel Cosmetic Bag", "slug": "travel-cosmetic-bag", "description": "the recommended one", "image": "categories/qaza-cosmeticbag.png"}}, {"model": "store.pcategory", "pk": 4, "fields": {"category_name": "ShoulderBags", "slug": "shoulderbags", "description": "the one and only", "image": "categories/2jle9ksw.png"}}, {"model": "store.pcategory", "pk": 5, "fields": {"category_name": "new bags", "slug": "new-bags", "description": "is the one", "image": "categories/3in1handbag.png"}}, {"model": "store.pcategory", "pk": 6, "fields": {"category_name": "2in1shoulderbag", "slug": "2in1shoulderbag", "description": "is the best", "image": "categories/2in1_shoulderbag5.png"}}, {"model": "store.pcategory", "pk": 7, "fields": {"category_name": "2in1handbag", "slug": "2in1handbag", "description": "the only", "image": "categories/3in1handbag_y92KaJb.png"}}, {"model": "store.pcategory", "pk": 8, "fields": {"category_name": "3in1handbag", "slug": "3in1handbag", "description": "you will like it", "image": "categories/Screenshot_2025-03-01_105742.png"}}, {"model": "store.product", "pk": 1, "fields": {"product_name": "new-arrival", "slug": "new-arrival", "description": "Good Quality Private Label Unique Handbag New Arrival Cheap Handbag From China.", "price": 500, "image": "products/Screenshot_2025-03-01_103852.png", "stock": 20, "is_available": true, "category": 5, "created_date": "2025-04-01T05:29:37.687Z", "modefied_date": "2025-04-01T05:29:37.687Z"}}, {"model": "store.product", "pk": 2, "fields": {"product_name": "shoulderbag-the best", "slug": "shoulderbag-the-best", "description": "Wholesale High Quality Luxury Women Rhinestone Crossbody Bags 2023 New Fashion Designer Ladies High Quality Shoulder Wallet.", "price": 700, "image": "products/Screenshot_2025-03-01_104624.png", "stock": 49, "is_available": true, "category": 4, "created_date": "2025-04-01T07:51:14.780Z", "modefied_date": "2025-04-01T13:10:05.709Z"}}, {"model": "store.product", "pk": 3, "fields": {"product_name": "shoulderonebag", "slug": "shoulderonebag", "description": "2023 Luxury Women's PU Leather Messenger Bag New Fashion Trend Single Strap Dress Style Low Price Wholesale from Supplier.", "price": 500, "image": "products/Screenshot_2025-03-01_103258.png", "stock": 60, "is_available": true, "category": 4, "created_date": "2025-04-01T08:00:21.295Z", "modefied_date": "2025-04-01T08:00:21.295Z"}}, {"model": "store.product", "pk": 4, "fields": {"product_name": "hotselling evining baf", "slug": "hotselling-evining-baf", "description": "Luxury Designer Flower Lock Latest Woman Party Evening Hand Bags Sac Clutch Handbag for Ladies Beautiful.", "price": 800, "image": "products/Screenshot_2025-03-01_111026.png", "stock": 500, "is_available": true, "category": 1, "created_date": "2025-04-01T08:05:36.566Z", "modefied_date": "2025-04-01T08:05:36.566Z"}}, {"model": "store.product", "pk": 5, "fields": {"product_name": "the best evening bag", "slug": "the-best-evening-bag", "description": "Selling Party Luxury Ladies Hand Bags 2023 New Fashion Trending Rhinestone Design Women Evening Bags Casual Sac Soiree.", "price": 900, "image": "products/Screenshot_2025-03-01_110707.png", "stock": 20, "is_available": true, "category": 5, "created_date": "2025-04-01T08:16:17.791Z", "modefied_date": "2025-04-01T08:16:17.791Z"}}, {"model": "store.product", "pk": 6, "fields": {"product_name": "2in1hnadbag the new one", "slug": "2in1hnadbag-the-new-one", "description": "New Designer Classic Vertical Stripe Embossing Womens Hand Bag Latest Large Capacity 2 Pieces Purse and Handbags.", "price": 1000, "image": "products/Screenshot_2025-03-01_105017.png", "stock": 900, "is_available": true, "category": 7, "created_date": "2025-04-01T08:27:17.398Z", "modefied_date": "2025-04-01T08:27:17.398Z"}}, {"model": "store.product", "pk": 7, "fields": {"product_name": "shoulderbag the new one", "slug": "shoulderbag-the-new-one", "description": "Luxury Designer Flower Lock Latest Woman Party Evening Hand Bags Sac Clutch Handbag for Ladies Beautiful.", "price": 800, "image": "products/Screenshot_2025-03-01_113213.png", "stock": 89, "is_available": true, "category": 1, "created_date": "2025-04-01T08:31:59.435Z", "modefied_date": "2025-04-01T08:31:59.435Z"}}, {"model": "store.product", "pk": 8, "fields": {"product_name": "shoulderbag part of hotselling", "slug": "shoulderbag-part-of-hotselling", "description": "3:shoulderbag\r\n     0 Reviews\r\n$ 300\r\nSupplier Wholesale Cheap Bags for Women Trending 2024 New Fashion Leather Ladies Sling Bags High Quality Les Sacs Des Femmes.", "price": 700, "image": "products/Screenshot_2025-03-01_111953.png", "stock": 699, "is_available": true, "category": 6, "created_date": "2025-04-01T08:47:28.538Z", "modefied_date": "2025-04-01T08:47:28.538Z"}}, {"model": "store.product", "pk": 9, "fields": {"product_name": "Travel Bag new", "slug": "travel-bag-new", "description": "the best and recommended one", "price": 600, "image": "products/qaza-cosmeticbag.png", "stock": 90, "is_available": true, "category": 3, "created_date": "2025-04-01T08:51:37.505Z", "modefied_date": "2025-04-01T08:53:30.900Z"}}, {"model": "store.product", "pk": 10, "fields": {"product_name": "3in1hnadbag the new one", "slug": "3in1hnadbag-the-new-one", "description": "High Quality Womens Handbag Low Price 2023 Wholesale Luxury Fashion Ladies Leather Purses and Handbags Set 2 in 1 Sacs Main.", "price": 1200, "image": "products/Screenshot_2025-03-01_105742.png", "stock": 500, "is_available": true, "category": 8, "created_date": "2025-04-01T08:59:33.336Z", "modefied_date": "2025-04-01T08:59:33.336Z"}}, {"model": "store.product", "pk": 11, "fields": {"product_name": "luxury party evening bag", "slug": "luxury-party-evening-bag", "description": "Low Price Wholesale Top Quality Luxury Ladies Hand Bags 2024 Fashion Color Blocking PU Leather Women  Handbag.", "price": 790, "image": "products/Screenshot_2025-03-01_110205.png", "stock": 60, "is_available": true, "category": 5, "created_date": "2025-04-01T09:03:28.711Z", "modefied_date": "2025-04-01T09:03:28.711Z"}}, {"model": "store.variation", "pk": 1, "fields": {"product": 1, "variation_category": "color", "variation_value": "Black", "is_active": true, "createe_date": "2025-04-01T05:30:54.364Z"}}, {"model": "store.variation", "pk": 2, "fields": {"product": 1, "variation_category": "color", "variation_value": "white", "is_active": true, "createe_date": "2025-04-01T05:31:22.260Z"}}, {"model": "store.variation", "pk": 3, "fields": {"product": 1, "variation_category": "color", "variation_value": "yellow", "is_active": true, "createe_date": "2025-04-01T05:31:41.075Z"}}, {"model": "store.variation", "pk": 4, "fields": {"product": 1, "variation_category": "color", "variation_value": "green", "is_active": true, "createe_date": "2025-04-01T05:32:01.193Z"}}, {"model": "store.variation", "pk": 5, "fields": {"product": 1, "variation_category": "color", "variation_value": "brown", "is_active": true, "createe_date": "2025-04-01T05:32:59.959Z"}}, {"model": "store.variation", "pk": 6, "fields": {"product": 1, "variation_category": "color", "variation_value": "Grey", "is_active": true, "createe_date": "2025-04-01T05:33:16.086Z"}}, {"model": "store.variation", "pk": 7, "fields": {"product": 1, "variation_category": "color", "variation_value": "blue", "is_active": true, "createe_date": "2025-04-01T05:33:34.405Z"}}, {"model": "store.variation", "pk": 8, "fields": {"product": 2, "variation_category": "color", "variation_value": "Black", "is_active": true, "createe_date": "2025-04-01T07:51:56.759Z"}}, {"model": "store.variation", "pk": 9, "fields": {"product": 2, "variation_category": "color", "variation_value": "white", "is_active": true, "createe_date": "2025-04-01T07:52:09.080Z"}}, {"model": "store.variation", "pk": 10, "fields": {"product": 2, "variation_category": "color", "variation_value": "pink", "is_active": true, "createe_date": "2025-04-01T07:55:58.172Z"}}, {"model": "store.variation", "pk": 11, "fields": {"product": 2, "variation_category": "color", "variation_value": "Grey", "is_active": true, "createe_date": "2025-04-01T07:52:32.252Z"}}, {"model": "store.variation", "pk": 12, "fields": {"product": 2, "variation_category": "color", "variation_value": "Grey", "is_active": true, "createe_date": "2025-04-01T07:54:02.051Z"}}, {"model": "store.variation", "pk": 13, "fields": {"product": 2, "variation_category": "color", "variation_value": "yellow", "is_active": true, "createe_date": "2025-04-01T07:54:26.586Z"}}, {"model": "store.variation", "pk": 14, "fields": {"product": 2, "variation_category": "color", "variation_value": "coffee", "is_active": true, "createe_date": "2025-04-01T07:54:45.206Z"}}, {"model": "store.variation", "pk": 15, "fields": {"product": 2, "variation_category": "color", "variation_value": "red", "is_active": true, "createe_date": "2025-04-01T07:54:59.263Z"}}, {"model": "store.variation", "pk": 16, "fields": {"product": 4, "variation_category": "color", "variation_value": "Black", "is_active": true, "createe_date": "2025-04-01T08:06:15.463Z"}}, {"model": "store.variation", "pk": 17, "fields": {"product": 4, "variation_category": "color", "variation_value": "white", "is_active": true, "createe_date": "2025-04-01T08:06:34.833Z"}}, {"model": "store.variation", "pk": 18, "fields": {"product": 4, "variation_category": "color", "variation_value": "red", "is_active": true, "createe_date": "2025-04-01T08:06:51.925Z"}}, {"model": "store.variation", "pk": 19, "fields": {"product": 4, "variation_category": "color", "variation_value": "yellow", "is_active": true, "createe_date": "2025-04-01T08:07:10.795Z"}}, {"model": "store.variation", "pk": 20, "fields": {"product": 4, "variation_category": "color", "variation_value": "blue", "is_active": true, "createe_date": "2025-04-01T08:07:30.358Z"}}, {"model": "store.variation", "pk": 21, "fields": {"product": 3, "variation_category": "color", "variation_value": "blue", "is_active": true, "createe_date": "2025-04-01T08:09:02.270Z"}}, {"model": "store.variation", "pk": 22, "fields": {"product": 3, "variation_category": "color", "variation_value": "Black", "is_active": true, "createe_date": "2025-04-01T08:09:13.649Z"}}, {"model": "store.variation", "pk": 23, "fields": {"product": 3, "variation_category": "color", "variation_value": "white", "is_active": true, "createe_date": "2025-04-01T08:09:30.176Z"}}, {"model": "store.variation", "pk": 24, "fields": {"product": 3, "variation_category": "color", "variation_value": "green", "is_active": true, "createe_date": "2025-04-01T08:10:21.191Z"}}, {"model": "store.variation", "pk": 25, "fields": {"product": 3, "variation_category": "color", "variation_value": "red", "is_active": true, "createe_date": "2025-04-01T08:10:47.344Z"}}, {"model": "store.variation", "pk": 26, "fields": {"product": 5, "variation_category": "color", "variation_value": "Black", "is_active": true, "createe_date": "2025-04-01T08:20:02.194Z"}}, {"model": "store.variation", "pk": 27, "fields": {"product": 5, "variation_category": "color", "variation_value": "white", "is_active": true, "createe_date": "2025-04-01T08:20:17.494Z"}}, {"model": "store.variation", "pk": 28, "fields": {"product": 5, "variation_category": "color", "variation_value": "Grey", "is_active": true, "createe_date": "2025-04-01T08:20:32.021Z"}}, {"model": "store.variation", "pk": 29, "fields": {"product": 5, "variation_category": "color", "variation_value": "red", "is_active": true, "createe_date": "2025-04-01T08:20:42.832Z"}}, {"model": "store.variation", "pk": 30, "fields": {"product": 5, "variation_category": "color", "variation_value": "sliver", "is_active": true, "createe_date": "2025-04-01T08:20:59.213Z"}}, {"model": "store.variation", "pk": 31, "fields": {"product": 5, "variation_category": "color", "variation_value": "yellow", "is_active": true, "createe_date": "2025-04-01T08:21:22.105Z"}}, {"model": "store.variation", "pk": 32, "fields": {"product": 6, "variation_category": "color", "variation_value": "Black", "is_active": true, "createe_date": "2025-04-01T08:33:41.314Z"}}, {"model": "store.variation", "pk": 33, "fields": {"product": 6, "variation_category": "color", "variation_value": "white", "is_active": true, "createe_date": "2025-04-01T08:33:54.140Z"}}, {"model": "store.variation", "pk": 34, "fields": {"product": 6, "variation_category": "color", "variation_value": "Grey", "is_active": true, "createe_date": "2025-04-01T08:34:06.046Z"}}, {"model": "store.variation", "pk": 35, "fields": {"product": 6, "variation_category": "color", "variation_value": "blue", "is_active": true, "createe_date": "2025-04-01T08:34:26.852Z"}}, {"model": "store.variation", "pk": 36, "fields": {"product": 6, "variation_category": "color", "variation_value": "red", "is_active": true, "createe_date": "2025-04-01T08:34:45.558Z"}}, {"model": "store.variation", "pk": 37, "fields": {"product": 6, "variation_category": "color", "variation_value": "brown", "is_active": true, "createe_date": "2025-04-01T08:35:08.931Z"}}, {"model": "store.variation", "pk": 38, "fields": {"product": 7, "variation_category": "color", "variation_value": "Black", "is_active": true, "createe_date": "2025-04-01T08:36:02.046Z"}}, {"model": "store.variation", "pk": 39, "fields": {"product": 7, "variation_category": "color", "variation_value": "white", "is_active": true, "createe_date": "2025-04-01T08:36:21.589Z"}}, {"model": "store.variation", "pk": 40, "fields": {"product": 7, "variation_category": "color", "variation_value": "red", "is_active": true, "createe_date": "2025-04-01T08:36:46.533Z"}}, {"model": "store.variation", "pk": 41, "fields": {"product": 7, "variation_category": "color", "variation_value": "purple", "is_active": true, "createe_date": "2025-04-01T08:37:49.302Z"}}, {"model": "store.variation", "pk": 42, "fields": {"product": 7, "variation_category": "color", "variation_value": "yellow", "is_active": true, "createe_date": "2025-04-01T08:38:07.598Z"}}, {"model": "store.variation", "pk": 43, "fields": {"product": 7, "variation_category": "color", "variation_value": "sliver", "is_active": true, "createe_date": "2025-04-01T08:38:23.039Z"}}, {"model": "store.variation", "pk": 44, "fields": {"product": 7, "variation_category": "color", "variation_value": "brown", "is_active": true, "createe_date": "2025-04-01T08:38:44.135Z"}}, {"model": "store.variation", "pk": 45, "fields": {"product": 9, "variation_category": "color", "variation_value": "Black", "is_active": true, "createe_date": "2025-04-01T08:54:10.346Z"}}, {"model": "store.variation", "pk": 46, "fields": {"product": 9, "variation_category": "color", "variation_value": "green", "is_active": true, "createe_date": "2025-04-01T08:54:30.361Z"}}, {"model": "store.variation", "pk": 47, "fields": {"product": 9, "variation_category": "color", "variation_value": "Gray", "is_active": true, "createe_date": "2025-04-01T08:54:55.074Z"}}, {"model": "store.variation", "pk": 48, "fields": {"product": 11, "variation_category": "color", "variation_value": "Black", "is_active": true, "createe_date": "2025-04-01T09:05:43.941Z"}}, {"model": "store.variation", "pk": 49, "fields": {"product": 11, "variation_category": "color", "variation_value": "white", "is_active": true, "createe_date": "2025-04-01T09:06:04.361Z"}}, {"model": "store.variation", "pk": 50, "fields": {"product": 11, "variation_category": "color", "variation_value": "sliver", "is_active": true, "createe_date": "2025-04-01T09:06:20.732Z"}}, {"model": "store.variation", "pk": 51, "fields": {"product": 11, "variation_category": "color", "variation_value": "blue", "is_active": true, "createe_date": "2025-04-01T09:06:35.579Z"}}, {"model": "store.variation", "pk": 52, "fields": {"product": 10, "variation_category": "color", "variation_value": "red", "is_active": true, "createe_date": "2025-04-01T09:07:05.842Z"}}, {"model": "store.variation", "pk": 53, "fields": {"product": 10, "variation_category": "color", "variation_value": "Black", "is_active": true, "createe_date": "2025-04-01T09:07:22.407Z"}}, {"model": "store.variation", "pk": 54, "fields": {"product": 10, "variation_category": "color", "variation_value": "brown", "is_active": true, "createe_date": "2025-04-01T09:07:51.138Z"}}, {"model": "store.variation", "pk": 55, "fields": {"product": 10, "variation_category": "color", "variation_value": "yellow", "is_active": true, "createe_date": "2025-04-01T09:08:48.650Z"}}, {"model": "store.productgallary", "pk": 1, "fields": {"product": 1, "image": "store/products/Screenshot_2025-03-01_103905.png"}}, {"model": "store.productgallary", "pk": 2, "fields": {"product": 1, "image": "store/products/Screenshot_2025-03-01_103955.png"}}, {"model": "store.productgallary", "pk": 3, "fields": {"product": 1, "image": "store/products/Screenshot_2025-03-01_103924.png"}}, {"model": "store.productgallary", "pk": 4, "fields": {"product": 2, "image": "store/products/Screenshot_2025-03-01_104504.png"}}, {"model": "store.productgallary", "pk": 5, "fields": {"product": 2, "image": "store/products/Screenshot_2025-03-01_104525.png"}}, {"model": "store.productgallary", "pk": 6, "fields": {"product": 2, "image": "store/products/Screenshot_2025-03-01_104610.png"}}, {"model": "store.productgallary", "pk": 7, "fields": {"product": 3, "image": "store/products/Screenshot_2025-03-01_103441.png"}}, {"model": "store.productgallary", "pk": 8, "fields": {"product": 3, "image": "store/products/Screenshot_2025-03-01_103530.png"}}, {"model": "store.productgallary", "pk": 9, "fields": {"product": 3, "image": "store/products/Screenshot_2025-03-01_103357.png"}}, {"model": "store.productgallary", "pk": 10, "fields": {"product": 4, "image": "store/products/Screenshot_2025-03-01_111012.png"}}, {"model": "store.productgallary", "pk": 11, "fields": {"product": 4, "image": "store/products/Screenshot_2025-03-01_111050.png"}}, {"model": "store.productgallary", "pk": 12, "fields": {"product": 4, "image": "store/products/Screenshot_2025-03-01_111112.png"}}, {"model": "store.productgallary", "pk": 13, "fields": {"product": 4, "image": "store/products/Screenshot_2025-03-01_111137_dWG1p8m.png"}}, {"model": "store.productgallary", "pk": 14, "fields": {"product": 5, "image": "store/products/Screenshot_2025-03-01_110735.png"}}, {"model": "store.productgallary", "pk": 15, "fields": {"product": 5, "image": "store/products/Screenshot_2025-03-01_110724.png"}}, {"model": "store.productgallary", "pk": 16, "fields": {"product": 5, "image": "store/products/Screenshot_2025-03-01_110655.png"}}, {"model": "store.productgallary", "pk": 17, "fields": {"product": 5, "image": "store/products/Screenshot_2025-03-01_110645.png"}}, {"model": "store.productgallary", "pk": 18, "fields": {"product": 6, "image": "store/products/Screenshot_2025-03-01_104955.png"}}, {"model": "store.productgallary", "pk": 19, "fields": {"product": 6, "image": "store/products/Screenshot_2025-03-01_104937.png"}}, {"model": "store.productgallary", "pk": 20, "fields": {"product": 6, "image": "store/products/Screenshot_2025-03-01_104915.png"}}, {"model": "store.productgallary", "pk": 21, "fields": {"product": 6, "image": "store/products/Screenshot_2025-03-01_105048.png"}}, {"model": "store.productgallary", "pk": 22, "fields": {"product": 6, "image": "store/products/Screenshot_2025-03-01_105030.png"}}, {"model": "store.productgallary", "pk": 23, "fields": {"product": 7, "image": "store/products/Screenshot_2025-03-01_113303.png"}}, {"model": "store.productgallary", "pk": 24, "fields": {"product": 7, "image": "store/products/Screenshot_2025-03-01_113203.png"}}, {"model": "store.productgallary", "pk": 25, "fields": {"product": 7, "image": "store/products/Screenshot_2025-03-01_112859.png"}}, {"model": "store.productgallary", "pk": 26, "fields": {"product": 8, "image": "store/products/Screenshot_2025-03-01_112007.png"}}, {"model": "store.productgallary", "pk": 27, "fields": {"product": 8, "image": "store/products/Screenshot_2025-03-01_112038.png"}}, {"model": "store.productgallary", "pk": 28, "fields": {"product": 8, "image": "store/products/Screenshot_2025-03-01_112051.png"}}, {"model": "store.productgallary", "pk": 29, "fields": {"product": 9, "image": "store/products/p2pbkxft.png"}}, {"model": "store.productgallary", "pk": 30, "fields": {"product": 9, "image": "store/products/maw3cfoh.png"}}, {"model": "store.productgallary", "pk": 31, "fields": {"product": 9, "image": "store/products/qaza-cosmeticbag.png"}}, {"model": "store.productgallary", "pk": 32, "fields": {"product": 10, "image": "store/products/Screenshot_2025-03-01_105846.png"}}, {"model": "store.productgallary", "pk": 33, "fields": {"product": 10, "image": "store/products/Screenshot_2025-03-01_110049.png"}}, {"model": "store.productgallary", "pk": 34, "fields": {"product": 11, "image": "store/products/Screenshot_2025-03-01_110230.png"}}, {"model": "store.productgallary", "pk": 35, "fields": {"product": 11, "image": "store/products/Screenshot_2025-03-01_110316.png"}}, {"model": "store.productgallary", "pk": 36, "fields": {"product": 11, "image": "store/products/Screenshot_2025-03-01_110219.png"}}, {"model": "orders.payment", "pk": 1, "fields": {"user": 2, "payment_id": "83C022284B497814D", "payment_method": "paypal", "amount_paid": "714.0", "status": "COMPLETED", "created_at": "2025-04-01T13:10:05.654Z"}}, {"model": "orders.order", "pk": 1, "fields": {"user": 2, "payment": 1, "order_number": "202504011", "first_name": "mulopwe", "last_name": "banze", "phone": "083599930", "email": "bbanze49@gmail.com", "address_line_1": "103 polly", "address_line_2": "225jeppe", "country": "South Africa", "state": "Gauteng", "city": "jorburg SA", "order_note": "ok", "order_total": 714.0, "tax": 14.0, "status": "New", "ip": "127.0.0.1", "is_ordered": true, "created_at": "2025-04-01T13:09:20.662Z", "updated_at": "2025-04-01T13:10:05.672Z"}}, {"model": "orders.orderproduct", "pk": 1, "fields": {"order": 1, "user": 2, "product": 2, "quantity": 1, "product_price": 700.0, "ordered": true, "created_at": "2025-04-01T13:10:05.683Z", "updated_at": "2025-04-01T13:10:05.693Z", "variations": [15]}}]